"Name","Gender","Task Progress","Rating","Color","Date Of Birth","Driver"
"","","","","","",""
"","","","","","",""
"Alan Francis","male","90","3","blue","07/08/1972","true"
"Brendon Philips","male","100","1","orange","01/08/1980",""
"Christine Lobowski","female","42","0","green","22/05/1982","true"
"Ed White","male","70","0","yellow","19/06/1976",""
"Emily Sykes","female","42","1","maroon","11/11/1970",""
"Emma Netwon","female","40","4","brown","07/10/1963","true"
"Frank Harbours","male","38","4","red","12/05/1966","1"
"Gemma Jane","female","60","0","red","22/05/1982","true"
"Hannah Farnsworth","female","30","1","pink","11/02/1991",""
"James Newman","male","73","5","red","22/03/1998",""
"Jamie Newhart","male","23","3","green","14/05/1985","true"
"Jenny Green","female","56","4","indigo","12/11/1998","true"
"John Phillips","female","80","1","green","24/09/1950","true"
"Margret Marmajuke","female","16","5","yellow","31/01/1999",""
"Martin Barryman","male","20","5","violet","04/04/2001",""
"Mary May","female","1","2","blue","14/05/1982","true"
"Oli Bob","male","12","1","red","19/02/1984","1"
"Paul Branderson","male","60","5","orange","01/01/1982",""
"Victoria Bath","female","20","2","purple","22/03/1986",""